{
    "1:1": {
        "0.0": 0.6031252499460803,
        "0.2": 0.6402159543538181,
        "0.4": 0.6032782513207685,
        "0.6": 0.5996896771884259,
        "0.8": 0.6059900503599713,
        "1.0": 0.6115217124476217
    },
    "10:1": {
        "0.0": 0.7128397452577623,
        "0.2": 0.6913409561239295,
        "0.4": 0.6918015072175765,
        "0.6": 0.7086611075426494,
        "0.8": 0.6828988234881914,
        "1.0": 0.6928815389059675
    }
}