{
    "0.0": [
        0.6954209251398467,
        0.709977667661485,
        0.6638077944731038
    ],
    "0.2": [
        0.6996412630237202,
        0.6967140277793797,
        0.6892680099355998
    ],
    "0.4": [
        0.6733964599218166,
        0.6996192212681318,
        0.6803227045717717
    ],
    "0.6": [
        0.6934627948526567,
        0.6851269486799113,
        0.7040481207122234
    ],
    "0.8": [
        0.7058425100959078,
        0.7257227504448854,
        0.6796526056531035
    ],
    "1.0": [
        0.6719442545715111,
        0.6921238152625389,
        0.6945486229306868
    ]
}