{
    "0.0": [
        0.705061226221462,
        0.6782733997633458,
        0.7018894080629074
    ],
    "0.2": [
        0.6974944770965921,
        0.6839506038293147,
        0.690327309492131
    ],
    "0.4": [
        0.7462662082768066,
        0.7197525667014311,
        0.6918748738292854
    ],
    "0.6": [
        0.7276451801950896,
        0.6958481064964488,
        0.7016950337798832
    ],
    "0.8": [
        0.7112155891492008,
        0.7095722601527639,
        0.6813378636620074
    ],
    "1.0": [
        0.6872470630632354,
        0.7018578555504911,
        0.6916656040698983
    ]
}