{
    "0.0": [
        0.5414863459472357,
        0.6165275578650011,
        0.6220851135448346
    ],
    "0.2": [
        0.5943989654565007,
        0.6022284842536987,
        0.6146621387669977
    ],
    "0.4": [
        0.595795614869002,
        0.6228370842370596,
        0.5825781309253275
    ],
    "0.6": [
        0.6284862206601642,
        0.6207741466460466,
        0.6029239847201923
    ],
    "0.8": [
        0.5978973406691561,
        0.604738041037336,
        0.6005976110146255
    ],
    "1.0": [
        0.6584974390408609,
        0.584697482515399,
        0.6458108330123493
    ]
}