{
  "run_ids": [
    "20260207_paper_ms_seed42",
    "20260207_paper_ms_seed43",
    "20260207_paper_ms_seed44"
  ],
  "experiments": {
    "baseline_entropy": {
      "per_seed": {
        "alc": {
          "20260207_paper_ms_seed42": 0.6667761032499553,
          "20260207_paper_ms_seed43": 0.6653932788165864,
          "20260207_paper_ms_seed44": 0.6649138765421008
        },
        "final_miou": {
          "20260207_paper_ms_seed42": 0.7613653379844838,
          "20260207_paper_ms_seed43": 0.7581943182109505,
          "20260207_paper_ms_seed44": 0.7631330513431565
        },
        "final_f1": {
          "20260207_paper_ms_seed42": 0.8458026953622153,
          "20260207_paper_ms_seed43": 0.843013509994495,
          "20260207_paper_ms_seed44": 0.8474340171715355
        }
      },
      "summary": {
        "alc": {
          "n": 3,
          "mean": 0.6656944195362141,
          "std": 0.0009669469363026674,
          "ci95": 0.002402223219277544
        },
        "final_miou": {
          "n": 3,
          "mean": 0.7608975691795302,
          "std": 0.002502374268360536,
          "ci95": 0.0062167440064122914
        },
        "final_f1": {
          "n": 3,
          "mean": 0.8454167408427486,
          "std": 0.002235383992491976,
          "ci95": 0.005553449862821339
        }
      },
      "statuses": {
        "20260207_paper_ms_seed42": "success",
        "20260207_paper_ms_seed43": "success",
        "20260207_paper_ms_seed44": "success"
      }
    },
    "baseline_random": {
      "per_seed": {
        "alc": {
          "20260207_paper_ms_seed42": 0.6592917733730013,
          "20260207_paper_ms_seed43": 0.650414762017189,
          "20260207_paper_ms_seed44": 0.6478258913851181
        },
        "final_miou": {
          "20260207_paper_ms_seed42": 0.7625814750497487,
          "20260207_paper_ms_seed43": 0.7476416787896798,
          "20260207_paper_ms_seed44": 0.7436126792276785
        },
        "final_f1": {
          "20260207_paper_ms_seed42": 0.8469806220940794,
          "20260207_paper_ms_seed43": 0.833994477063122,
          "20260207_paper_ms_seed44": 0.8308931605103909
        }
      },
      "summary": {
        "alc": {
          "n": 3,
          "mean": 0.6525108089251028,
          "std": 0.006013457567834582,
          "ci95": 0.014939462399900308
        },
        "final_miou": {
          "n": 3,
          "mean": 0.7512786110223689,
          "std": 0.009993711061649094,
          "ci95": 0.024827758233394656
        },
        "final_f1": {
          "n": 3,
          "mean": 0.8372894198891974,
          "std": 0.008534874997443914,
          "ci95": 0.021203516059410236
        }
      },
      "statuses": {
        "20260207_paper_ms_seed42": "success",
        "20260207_paper_ms_seed43": "success",
        "20260207_paper_ms_seed44": "success"
      }
    },
    "fixed_lambda": {
      "per_seed": {
        "alc": {
          "20260207_paper_ms_seed42": 0.6670876659516712,
          "20260207_paper_ms_seed43": 0.6673631432726044,
          "20260207_paper_ms_seed44": 0.6633309946386116
        },
        "final_miou": {
          "20260207_paper_ms_seed42": 0.7619865531279484,
          "20260207_paper_ms_seed43": 0.7596106169204109,
          "20260207_paper_ms_seed44": 0.756854726126509
        },
        "final_f1": {
          "20260207_paper_ms_seed42": 0.8463135440688474,
          "20260207_paper_ms_seed43": 0.8442562454499221,
          "20260207_paper_ms_seed44": 0.8424169452098235
        }
      },
      "summary": {
        "alc": {
          "n": 3,
          "mean": 0.6659272679542957,
          "std": 0.0022526536098316048,
          "ci95": 0.005596353433021296
        },
        "final_miou": {
          "n": 3,
          "mean": 0.7594839653916227,
          "std": 0.002568256714287729,
          "ci95": 0.006380418284086988
        },
        "final_f1": {
          "n": 3,
          "mean": 0.8443289115761976,
          "std": 0.001949315505880868,
          "ci95": 0.0048427589913362405
        }
      },
      "statuses": {
        "20260207_paper_ms_seed42": "success",
        "20260207_paper_ms_seed43": "success",
        "20260207_paper_ms_seed44": "success"
      }
    },
    "full_model": {
      "per_seed": {
        "alc": {
          "20260207_paper_ms_seed42": 0.6656789516785001,
          "20260207_paper_ms_seed43": 0.6665652700571595,
          "20260207_paper_ms_seed44": 0.6648732701291838
        },
        "final_miou": {
          "20260207_paper_ms_seed42": 0.7600713322227439,
          "20260207_paper_ms_seed43": 0.7582813014313301,
          "20260207_paper_ms_seed44": 0.7500041523402377
        },
        "final_f1": {
          "20260207_paper_ms_seed42": 0.8446211955285934,
          "20260207_paper_ms_seed43": 0.8432551678254565,
          "20260207_paper_ms_seed44": 0.8361837300994595
        }
      },
      "summary": {
        "alc": {
          "n": 3,
          "mean": 0.6657058306216145,
          "std": 0.0008463201505663222,
          "ci95": 0.0021025454865255546
        },
        "final_miou": {
          "n": 3,
          "mean": 0.7561189286647706,
          "std": 0.005370653561984196,
          "ci95": 0.013342519847703137
        },
        "final_f1": {
          "n": 3,
          "mean": 0.8413533644845032,
          "std": 0.00452883513474532,
          "ci95": 0.011251158164443258
        }
      },
      "statuses": {
        "20260207_paper_ms_seed42": "success",
        "20260207_paper_ms_seed43": "success",
        "20260207_paper_ms_seed44": "success"
      }
    },
    "no_agent": {
      "per_seed": {
        "alc": {
          "20260207_paper_ms_seed42": 0.6665353426244419,
          "20260207_paper_ms_seed43": 0.6646475895779135,
          "20260207_paper_ms_seed44": 0.6618632153881563
        },
        "final_miou": {
          "20260207_paper_ms_seed42": 0.7636464090616288,
          "20260207_paper_ms_seed43": 0.7607087489602318,
          "20260207_paper_ms_seed44": 0.7546080066743062
        },
        "final_f1": {
          "20260207_paper_ms_seed42": 0.8478933743705512,
          "20260207_paper_ms_seed43": 0.8452807981874642,
          "20260207_paper_ms_seed44": 0.840184789544745
        }
      },
      "summary": {
        "alc": {
          "n": 3,
          "mean": 0.6643487158635039,
          "std": 0.0023503589834074773,
          "ci95": 0.005839086625754305
        },
        "final_miou": {
          "n": 3,
          "mean": 0.7596543882320557,
          "std": 0.0046105245729342135,
          "ci95": 0.011454102356952362
        },
        "final_f1": {
          "n": 3,
          "mean": 0.8444529873675868,
          "std": 0.0039203983304368735,
          "ci95": 0.009739595364149865
        }
      },
      "statuses": {
        "20260207_paper_ms_seed42": "success",
        "20260207_paper_ms_seed43": "success",
        "20260207_paper_ms_seed44": "success"
      }
    }
  }
}