{
  "run_ids": [
    "baseline_20260228_124857_seed42",
    "baseline_20260228_124857_seed43",
    "baseline_20260228_124857_seed44",
    "baseline_20260228_124857_seed45"
  ],
  "experiments": {
    "baseline_bald": {
      "per_seed": {
        "alc": {
          "baseline_20260228_124857_seed42": 0.6673477813700884,
          "baseline_20260228_124857_seed43": 0.6657120128155561,
          "baseline_20260228_124857_seed44": 0.6617755552177012,
          "baseline_20260228_124857_seed45": 0.667983677500812
        },
        "final_miou": {
          "baseline_20260228_124857_seed42": 0.7644388469751812,
          "baseline_20260228_124857_seed43": 0.7589931616573675,
          "baseline_20260228_124857_seed44": 0.7588099852898784,
          "baseline_20260228_124857_seed45": 0.7557757580997643
        },
        "final_f1": {
          "baseline_20260228_124857_seed42": 0.8483365491818762,
          "baseline_20260228_124857_seed43": 0.8438880669012288,
          "baseline_20260228_124857_seed44": 0.8437673604553237,
          "baseline_20260228_124857_seed45": 0.8411738007538785
        }
      },
      "summary": {
        "alc": {
          "n": 4,
          "mean": 0.6657047567260395,
          "std": 0.0027887683674939884,
          "ci95": 0.004436930472682936
        },
        "final_miou": {
          "n": 4,
          "mean": 0.7595044380055478,
          "std": 0.0036053254036171357,
          "ci95": 0.0057360727171548625
        },
        "final_f1": {
          "n": 4,
          "mean": 0.8442914443230768,
          "std": 0.002973211058106577,
          "ci95": 0.004730378793447564
        }
      },
      "statuses": {
        "baseline_20260228_124857_seed42": "success",
        "baseline_20260228_124857_seed43": "success",
        "baseline_20260228_124857_seed44": "success",
        "baseline_20260228_124857_seed45": "success"
      }
    },
    "baseline_coreset": {
      "per_seed": {
        "alc": {
          "baseline_20260228_124857_seed42": 0.6577681944621416,
          "baseline_20260228_124857_seed43": 0.6512177643206727,
          "baseline_20260228_124857_seed44": 0.6498232776109676,
          "baseline_20260228_124857_seed45": 0.653803365310539
        },
        "final_miou": {
          "baseline_20260228_124857_seed42": 0.7507416047505399,
          "baseline_20260228_124857_seed43": 0.7479154114685636,
          "baseline_20260228_124857_seed44": 0.7448514887846527,
          "baseline_20260228_124857_seed45": 0.7558301393616114
        },
        "final_f1": {
          "baseline_20260228_124857_seed42": 0.8369783978807851,
          "baseline_20260228_124857_seed43": 0.834525323281898,
          "baseline_20260228_124857_seed44": 0.8319127795499082,
          "baseline_20260228_124857_seed45": 0.8411888075791597
        }
      },
      "summary": {
        "alc": {
          "n": 4,
          "mean": 0.6531531504260802,
          "std": 0.0034907106818234186,
          "ci95": 0.005553720694781059
        },
        "final_miou": {
          "n": 4,
          "mean": 0.7498346610913419,
          "std": 0.004664898421292147,
          "ci95": 0.0074218533882758056
        },
        "final_f1": {
          "n": 4,
          "mean": 0.8361513270729377,
          "std": 0.003944169934017184,
          "ci95": 0.006275174365021339
        }
      },
      "statuses": {
        "baseline_20260228_124857_seed42": "success",
        "baseline_20260228_124857_seed43": "success",
        "baseline_20260228_124857_seed44": "success",
        "baseline_20260228_124857_seed45": "success"
      }
    },
    "baseline_dial_style": {
      "per_seed": {
        "alc": {
          "baseline_20260228_124857_seed42": 0.6681232916148699,
          "baseline_20260228_124857_seed43": 0.662293200278091,
          "baseline_20260228_124857_seed44": 0.6620181554993511,
          "baseline_20260228_124857_seed45": 0.6664281849034124
        },
        "final_miou": {
          "baseline_20260228_124857_seed42": 0.7625667602991657,
          "baseline_20260228_124857_seed43": 0.7499170944019183,
          "baseline_20260228_124857_seed44": 0.7533155068427219,
          "baseline_20260228_124857_seed45": 0.7622311109977729
        },
        "final_f1": {
          "baseline_20260228_124857_seed42": 0.8468797302196858,
          "baseline_20260228_124857_seed43": 0.8358852473995083,
          "baseline_20260228_124857_seed44": 0.8390695563707828,
          "baseline_20260228_124857_seed45": 0.8466604621397508
        }
      },
      "summary": {
        "alc": {
          "n": 4,
          "mean": 0.6647157080739311,
          "std": 0.00303806607309743,
          "ci95": 0.004833563122298011
        },
        "final_miou": {
          "n": 4,
          "mean": 0.7570076181353946,
          "std": 0.0063795546316025836,
          "ci95": 0.01014987141887971
        },
        "final_f1": {
          "n": 4,
          "mean": 0.8421237490324319,
          "std": 0.005521114570751475,
          "ci95": 0.008784093282065596
        }
      },
      "statuses": {
        "baseline_20260228_124857_seed42": "success",
        "baseline_20260228_124857_seed43": "success",
        "baseline_20260228_124857_seed44": "success",
        "baseline_20260228_124857_seed45": "success"
      }
    },
    "baseline_entropy": {
      "per_seed": {
        "alc": {
          "baseline_20260228_124857_seed42": 0.6673962507263936,
          "baseline_20260228_124857_seed43": 0.667848075064473,
          "baseline_20260228_124857_seed44": 0.6668157656067054,
          "baseline_20260228_124857_seed45": 0.6665504468170382
        },
        "final_miou": {
          "baseline_20260228_124857_seed42": 0.755490965110232,
          "baseline_20260228_124857_seed43": 0.7599086449027572,
          "baseline_20260228_124857_seed44": 0.7652278060258872,
          "baseline_20260228_124857_seed45": 0.7550936032525789
        },
        "final_f1": {
          "baseline_20260228_124857_seed42": 0.8408657828954962,
          "baseline_20260228_124857_seed43": 0.8444226967641015,
          "baseline_20260228_124857_seed44": 0.8490899415220139,
          "baseline_20260228_124857_seed45": 0.8408405228993419
        }
      },
      "summary": {
        "alc": {
          "n": 4,
          "mean": 0.6671526345536526,
          "std": 0.0005828370559190408,
          "ci95": 0.0009272937559671938
        },
        "final_miou": {
          "n": 4,
          "mean": 0.7589302548228638,
          "std": 0.004731631406548935,
          "ci95": 0.007528025567819356
        },
        "final_f1": {
          "n": 4,
          "mean": 0.8438047360202383,
          "std": 0.00390466718908202,
          "ci95": 0.006212325497829494
        }
      },
      "statuses": {
        "baseline_20260228_124857_seed42": "success",
        "baseline_20260228_124857_seed43": "success",
        "baseline_20260228_124857_seed44": "success",
        "baseline_20260228_124857_seed45": "success"
      }
    },
    "baseline_random": {
      "per_seed": {
        "alc": {
          "baseline_20260228_124857_seed42": 0.6562539958879552,
          "baseline_20260228_124857_seed43": 0.6527055947998277,
          "baseline_20260228_124857_seed44": 0.6494698785533617,
          "baseline_20260228_124857_seed45": 0.6594739058954824
        },
        "final_miou": {
          "baseline_20260228_124857_seed42": 0.7390778095196844,
          "baseline_20260228_124857_seed43": 0.7404725834898509,
          "baseline_20260228_124857_seed44": 0.7484382818146351,
          "baseline_20260228_124857_seed45": 0.7582920175876566
        },
        "final_f1": {
          "baseline_20260228_124857_seed42": 0.8268410926997297,
          "baseline_20260228_124857_seed43": 0.8276461079809249,
          "baseline_20260228_124857_seed44": 0.8352269626883411,
          "baseline_20260228_124857_seed45": 0.8432758775488276
        }
      },
      "summary": {
        "alc": {
          "n": 4,