{
  "run_ids": [
    "ab_geometry_v0_p3_20260327_151308_seed42",
    "ab_geometry_v0_p3_20260327_151308_seed43",
    "ab_geometry_v0_p3_20260327_151308_seed44"
  ],
  "experiments": {
    "geometry_controller_v0": {
      "per_seed": {
        "alc": {
          "ab_geometry_v0_p3_20260327_151308_seed42": 0.594019878027058,
          "ab_geometry_v0_p3_20260327_151308_seed43": 0.5941623590079053,
          "ab_geometry_v0_p3_20260327_151308_seed44": 0.5964796927450062
        },
        "final_miou": {
          "ab_geometry_v0_p3_20260327_151308_seed42": 0.7035279307175253,
          "ab_geometry_v0_p3_20260327_151308_seed43": 0.7086007669774441,
          "ab_geometry_v0_p3_20260327_151308_seed44": 0.7033084411246965
        },
        "final_f1": {
          "ab_geometry_v0_p3_20260327_151308_seed42": 0.7929390704605801,
          "ab_geometry_v0_p3_20260327_151308_seed43": 0.7982213393489821,
          "ab_geometry_v0_p3_20260327_151308_seed44": 0.7928994091801868
        }
      },
      "summary": {
        "alc": {
          "n": 3,
          "mean": 0.5948873099266565,
          "std": 0.0013808828652740089,
          "ci95": 0.003430580063418706
        },
        "final_miou": {
          "n": 3,
          "mean": 0.7051457129398887,
          "std": 0.002994176468106282,
          "ci95": 0.007438547002177928
        },
        "final_f1": {
          "n": 3,
          "mean": 0.7946866063299164,
          "std": 0.0030612328221398025,
          "ci95": 0.007605137664614235
        }
      },
      "statuses": {
        "ab_geometry_v0_p3_20260327_151308_seed42": "success",
        "ab_geometry_v0_p3_20260327_151308_seed43": "success",
        "ab_geometry_v0_p3_20260327_151308_seed44": "success"
      }
    },
    "old_controller_ab": {
      "per_seed": {
        "alc": {
          "ab_geometry_v0_p3_20260327_151308_seed42": 0.5959891134526281,
          "ab_geometry_v0_p3_20260327_151308_seed43": 0.5914966832679129,
          "ab_geometry_v0_p3_20260327_151308_seed44": 0.5943340748107275
        },
        "final_miou": {
          "ab_geometry_v0_p3_20260327_151308_seed42": 0.6855567621301001,
          "ab_geometry_v0_p3_20260327_151308_seed43": 0.7098349125936786,
          "ab_geometry_v0_p3_20260327_151308_seed44": 0.69974532076713
        },
        "final_f1": {
          "ab_geometry_v0_p3_20260327_151308_seed42": 0.7749016663568122,
          "ab_geometry_v0_p3_20260327_151308_seed43": 0.7992281074752154,
          "ab_geometry_v0_p3_20260327_151308_seed44": 0.7893670614125602
        }
      },
      "summary": {
        "alc": {
          "n": 3,
          "mean": 0.5939399571770895,
          "std": 0.002271998849690117,
          "ci95": 0.005644413551550972
        },
        "final_miou": {
          "n": 3,
          "mean": 0.6983789984969695,
          "std": 0.012196609155519072,
          "ci95": 0.03030050213703766
        },
        "final_f1": {
          "n": 3,
          "mean": 0.7878322784148626,
          "std": 0.01223562844766466,
          "ci95": 0.030397439255376663
        }
      },
      "statuses": {
        "ab_geometry_v0_p3_20260327_151308_seed42": "success",
        "ab_geometry_v0_p3_20260327_151308_seed43": "success",
        "ab_geometry_v0_p3_20260327_151308_seed44": "success"
      }
    }
  }
}