{
  "run_ids": [
    "run_src_full_model_with_baselines_seed43",
    "run_src_full_model_with_baselines_seed44",
    "run_src_full_model_with_baselines_seed45",
    "run_src_full_model_with_baselines_seed46"
  ],
  "experiments": {
    "baseline_bald": {
      "per_seed": {
        "alc": {
          "run_src_full_model_with_baselines_seed43": 0.6637817944016098,
          "run_src_full_model_with_baselines_seed44": 0.6603274656746021,
          "run_src_full_model_with_baselines_seed45": 0.6645793202200431,
          "run_src_full_model_with_baselines_seed46": 0.6673943033899492
        },
        "final_miou": {
          "run_src_full_model_with_baselines_seed43": 0.7567398133537082,
          "run_src_full_model_with_baselines_seed44": 0.7497046052671501,
          "run_src_full_model_with_baselines_seed45": 0.756691305857627,
          "run_src_full_model_with_baselines_seed46": 0.7624171177877159
        },
        "final_f1": {
          "run_src_full_model_with_baselines_seed43": 0.8416692745713498,
          "run_src_full_model_with_baselines_seed44": 0.835889446094422,
          "run_src_full_model_with_baselines_seed45": 0.8419679156634343,
          "run_src_full_model_with_baselines_seed46": 0.8466617538641864
        }
      },
      "summary": {
        "alc": {
          "n": 4,
          "mean": 0.6640207209215511,
          "std": 0.0029091987469866665,
          "ci95": 0.004628535206455786
        },
        "final_miou": {
          "n": 4,
          "mean": 0.7563882105665503,
          "std": 0.005203645944752054,
          "ci95": 0.008279000698100518
        },
        "final_f1": {
          "n": 4,
          "mean": 0.8415470975483481,
          "std": 0.004410621434453865,
          "ci95": 0.0070172987022160994
        }
      },
      "statuses": {
        "run_src_full_model_with_baselines_seed43": "success",
        "run_src_full_model_with_baselines_seed44": "success",
        "run_src_full_model_with_baselines_seed45": "success",
        "run_src_full_model_with_baselines_seed46": "success"
      }
    },
    "baseline_coreset": {
      "per_seed": {
        "alc": {
          "run_src_full_model_with_baselines_seed43": 0.6526429000484348,
          "run_src_full_model_with_baselines_seed44": 0.651281209798868,
          "run_src_full_model_with_baselines_seed45": 0.6584970284277254,
          "run_src_full_model_with_baselines_seed46": 0.6579807038275787
        },
        "final_miou": {
          "run_src_full_model_with_baselines_seed43": 0.7436153470537278,
          "run_src_full_model_with_baselines_seed44": 0.7463374803327956,
          "run_src_full_model_with_baselines_seed45": 0.7522476759195864,
          "run_src_full_model_with_baselines_seed46": 0.7526210708753618
        },
        "final_f1": {
          "run_src_full_model_with_baselines_seed43": 0.8306487028036558,
          "run_src_full_model_with_baselines_seed44": 0.8331162917269824,
          "run_src_full_model_with_baselines_seed45": 0.8382261407601366,
          "run_src_full_model_with_baselines_seed46": 0.8384801022159544
        }
      },
      "summary": {
        "alc": {
          "n": 4,
          "mean": 0.6551004605256517,
          "std": 0.0036723632084761744,
          "ci95": 0.005842729864685594
        },
        "final_miou": {
          "n": 4,
          "mean": 0.7487053935453679,
          "std": 0.004449564759264277,
          "ci95": 0.007079257531989464
        },
        "final_f1": {
          "n": 4,
          "mean": 0.8351178093766822,
          "std": 0.0038706469566691317,
          "ci95": 0.006158199308060588
        }
      },
      "statuses": {
        "run_src_full_model_with_baselines_seed43": "success",
        "run_src_full_model_with_baselines_seed44": "success",
        "run_src_full_model_with_baselines_seed45": "success",
        "run_src_full_model_with_baselines_seed46": "success"
      }
    },
    "baseline_dial_style": {
      "per_seed": {
        "alc": {
          "run_src_full_model_with_baselines_seed43": 0.6622099359925118,
          "run_src_full_model_with_baselines_seed44": 0.6587832201310816,
          "run_src_full_model_with_baselines_seed45": 0.6656546586547983,
          "run_src_full_model_with_baselines_seed46": 0.6698854469332929
        },
        "final_miou": {
          "run_src_full_model_with_baselines_seed43": 0.7579814288073575,
          "run_src_full_model_with_baselines_seed44": 0.7511362741805324,
          "run_src_full_model_with_baselines_seed45": 0.7573055271470449,
          "run_src_full_model_with_baselines_seed46": 0.7633435803835819
        },
        "final_f1": {
          "run_src_full_model_with_baselines_seed43": 0.8429135920687976,
          "run_src_full_model_with_baselines_seed44": 0.8371873867501101,
          "run_src_full_model_with_baselines_seed45": 0.8424915958485358,
          "run_src_full_model_with_baselines_seed46": 0.8475502968780086
        }
      },
      "summary": {
        "alc": {
          "n": 4,
          "mean": 0.6641333154279212,
          "std": 0.0047512949184713715,
          "ci95": 0.007559310215287952
        },
        "final_miou": {
          "n": 4,
          "mean": 0.7574417026296292,
          "std": 0.004996680133123813,
          "ci95": 0.007949718091799986
        },
        "final_f1": {
          "n": 4,
          "mean": 0.8425357178863631,
          "std": 0.00423852899240759,
          "ci95": 0.006743499626920476
        }
      },
      "statuses": {
        "run_src_full_model_with_baselines_seed43": "success",
        "run_src_full_model_with_baselines_seed44": "success",
        "run_src_full_model_with_baselines_seed45": "success",
        "run_src_full_model_with_baselines_seed46": "success"
      }
    },
    "baseline_entropy": {
      "per_seed": {
        "alc": {
          "run_src_full_model_with_baselines_seed43": 0.6680979422137023,
          "run_src_full_model_with_baselines_seed44": 0.6676313539159805,
          "run_src_full_model_with_baselines_seed45": 0.6700805495197589,
          "run_src_full_model_with_baselines_seed46": 0.6723485345713914
        },
        "final_miou": {
          "run_src_full_model_with_baselines_seed43": 0.7599803585933129,
          "run_src_full_model_with_baselines_seed44": 0.7619182633971655,
          "run_src_full_model_with_baselines_seed45": 0.7576922658630585,
          "run_src_full_model_with_baselines_seed46": 0.7662057411208956
        },
        "final_f1": {
          "run_src_full_model_with_baselines_seed43": 0.8444991820274287,
          "run_src_full_model_with_baselines_seed44": 0.8463217236944778,
          "run_src_full_model_with_baselines_seed45": 0.8428710972932263,
          "run_src_full_model_with_baselines_seed46": 0.8498845275986033
        }
      },
      "summary": {
        "alc": {
          "n": 4,
          "mean": 0.6695395950552083,
          "std": 0.002152713024623892,
          "ci95": 0.003424966422176612
        },
        "final_miou": {
          "n": 4,
          "mean": 0.7614491572436082,
          "std": 0.003610944155634525,
          "ci95": 0.005745012151614529
        },
        "final_f1": {
          "n": 4,
          "mean": 0.845894132653434,
          "std": 0.003010576686443571,
          "ci95": 0.004789827508131722
        }
      },
      "statuses": {
        "run_src_full_model_with_baselines_seed43": "success",
        "run_src_full_model_with_baselines_seed44": "success",
        "run_src_full_model_with_baselines_seed45": "success",
        "run_src_full_model_with_baselines_seed46": "success"
      }
    },
    "baseline_llm_rs": {
      "per_seed": {
        "alc": {
          "run_src_full_model_with_baselines_seed43": 0.653697051007059,
          "run_src_full_model_with_baselines_seed44": 0.6534828114003604,
          "run_src_full_model_with_baselines_seed45": 0.6557793544706894,
          "run_src_full_model_with_baselines_seed46": 0.6617239324783124
        },